{"cameraMode":{"drawMode":0,"name":"Shaded","section":"Shading Mode"},"sceneLighting":true,"audioPlay":false,"sceneViewState":{"m_AlwaysRefresh":false,"showFog":true,"showSkybox":true,"showFlares":true,"showImageEffects":true,"showParticleSystems":true,"showVisualEffectGraphs":true,"m_FxEnabled":true},"in2DMode":false,"pivot":{"x":20.22648048400879,"y":-1.2977081537246705,"z":-28.116865158081056},"rotation":{"x":0.027784576639533044,"y":-0.9706337451934815,"z":0.19506190717220307,"w":0.13873615860939027},"size":4.815215110778809,"orthographic":false}